{"cameraMode":{"drawMode":0,"name":"Shaded","section":"Shading Mode"},"sceneLighting":false,"audioPlay":false,"sceneViewState":{"showFog":true,"showMaterialUpdate":false,"showSkybox":true,"showFlares":true,"showImageEffects":true,"showParticleSystems":true},"in2DMode":false,"pivot":{"x":-0.000011086463928222656,"y":0.49999332427978518,"z":-0.000003814697265625},"rotation":{"x":-0.19977180659770966,"y":0.04172392189502716,"z":-0.008515504188835621,"w":-0.9789167046546936},"size":8.011123657226563,"orthographic":false}